variant,scenario,algorithm,days,journey_min,wait_min,p95_wait_min,share_waited,distance_km,drive_min,predicted_wait_min,background_wait_min,busiest_station_share,journey_min_ci_low,journey_min_ci_high,wait_min_ci_low,wait_min_ci_high
baseline,spread,nearest,30,35.4441,34.4304,173.049,0.418167,0.322056,1.01377,29.3024,33.0662,0.0506667,32.7056,38.1706,31.8178,37.188
baseline,spread,dijkstra,30,37.6712,36.3823,180.738,0.434333,0.42364,1.28893,30.1646,33.1238,0.0561667,35.5833,39.9364,34.1633,38.6112
baseline,spread,cost_optimized,30,3.77789,0.672471,0.581014,0.0295,1.06865,3.10541,0.268188,31.8869,0.153667,3.6091,3.96482,0.501982,0.846644
baseline,spread,static_queue,30,2.52154,0.0353556,0,0.00383333,0.844471,2.48619,0.0249725,31.8742,0.141667,2.48976,2.55802,0.0170709,0.0581005
baseline,spread,queue_aware,30,2.52845,0.0254191,0,0.0025,0.851073,2.50303,0.0334799,31.8734,0.141,2.49607,2.56594,0.0115886,0.0403732
baseline,spread,range_aware,30,10.9923,0,0,0,3.92312,10.9923,0,31.8716,0.999333,10.9215,11.0601,0,0
baseline,corridor,nearest,30,72.5122,71.4685,349.056,0.543667,0.329687,1.04373,34.066,33.6646,0.119167,66.2911,78.7499,65.4771,77.8715
baseline,corridor,dijkstra,30,66.4871,65.281,307.399,0.546833,0.384944,1.20602,34.2127,33.6241,0.103,61.3215,72.339,59.8577,70.8444
baseline,corridor,cost_optimized,30,6.72118,3.60673,25.3335,0.115,1.07802,3.11445,0.390073,31.9605,0.439167,5.80053,7.75531,2.68982,4.67318
baseline,corridor,static_queue,30,3.22176,0.69769,2.09841,0.0438333,0.887964,2.52407,0.0472905,31.9219,0.401333,3.00243,3.49316,0.477432,0.989073
baseline,corridor,queue_aware,30,2.72545,0.0993416,0,0.0095,0.916639,2.6261,0.0553305,31.9184,0.338167,2.66573,2.79327,0.0593105,0.155728
baseline,corridor,range_aware,30,12.5982,0,0,0,4.5416,12.5982,0,31.9158,0.9995,12.5245,12.6708,0,0
baseline,hotspot,nearest,30,616.071,614.979,2218.43,0.873833,0.361867,1.09224,40,36.2696,0.389,561.865,670.751,562.754,671.083
baseline,hotspot,dijkstra,30,664.651,663.214,2330.16,0.8885,0.490542,1.43678,40,36.3348,0.4075,608.799,724.261,607.423,718.003
baseline,hotspot,cost_optimized,30,7.01438,3.61252,22.9765,0.1735,1.09044,3.40186,0.26397,31.9917,0.4775,6.30485,7.81842,2.924,4.41257
baseline,hotspot,static_queue,30,5.17531,1.75505,13.6729,0.122333,1.1313,3.42025,0.0298217,31.9702,0.503167,4.81985,5.54807,1.4091,2.10659
baseline,hotspot,queue_aware,30,3.9906,0.406384,0.8069,0.0341667,1.21722,3.58422,0.0991686,31.9642,0.4415,3.87411,4.10113,0.301938,0.524535
baseline,hotspot,range_aware,30,14.3547,0,0,0,5.23062,14.3547,0,31.9594,1,14.3365,14.3731,0,0
high_demand,spread,nearest,30,67.0965,66.0641,321.073,0.504389,0.329466,1.0324,29.5816,36.347,0.0538888,61.4285,72.7828,60.4537,71.7912
high_demand,spread,dijkstra,30,72.3026,70.9963,333.748,0.523944,0.430432,1.30628,30.3491,36.7069,0.0592778,66.845,78.2691,65.2191,77.0676
high_demand,spread,cost_optimized,30,7.66331,4.52528,31.2796,0.138111,1.07994,3.13804,0.266905,32.0081,0.150889,6.823,8.57461,3.69319,5.4511
high_demand,spread,static_queue,30,3.00529,0.475249,0.222631,0.0329445,0.861705,2.53004,0.0269793,31.8903,0.144111,2.90582,3.1152,0.378262,0.575238
high_demand,spread,queue_aware,30,2.71586,0.0993744,0,0.00761107,0.893608,2.61649,0.0509283,31.8832,0.121889,2.67562,2.75541,0.0702378,0.13156
high_demand,spread,range_aware,30,11.0187,0,0,0,3.93554,11.0187,0,31.8716,0.999611,10.9596,11.0756,0,0
high_demand,corridor,nearest,30,216.648,215.626,1248.93,0.674889,0.32475,1.0221,34.2777,39.1922,0.118278,200.402,233.563,199.089,232.013
high_demand,corridor,dijkstra,30,194.754,193.555,970.098,0.69,0.385827,1.19879,34.2351,39.2524,0.102056,179.498,208.791,178.604,208.475
high_demand,corridor,cost_optimized,30,160.017,156.91,533.584,0.608056,1.07575,3.10713,0.398314,33.1275,0.443722,145.424,174.852,143.427,171.073
high_demand,corridor,static_queue,30,81.7884,79.2607,317.376,0.451278,0.890672,2.52776,0.049126,32.3353,0.409278,71.7152,92.2213,69.5766,89.374
high_demand,corridor,queue_aware,30,3.28055,0.3612,0.209609,0.0286111,1.01905,2.91935,0.0689058,31.9289,0.266889,3.18844,3.38271,0.274285,0.455415
high_demand,corridor,range_aware,30,12.5941,2.56e-05,0,5.55667e-05,4.54146,12.5941,0,31.9158,0.999778,12.5581,12.6309,0,7.68e-05
high_demand,hotspot,nearest,30,2092.58,2091.49,7414.59,0.9635,0.361011,1.08608,40,49.7987,0.385,2021.7,2173.96,2018.89,2165.89
high_demand,hotspot,dijkstra,30,2291.41,2289.98,7970.07,0.970611,0.488616,1.42923,40,50.1586,0.407611,2217.13,2368.54,2212.69,2364.35
high_demand,hotspot,cost_optimized,30,283.73,280.315,699.062,0.878945,1.09409,3.41477,0.25444,33.5587,0.476111,268.893,299.038,265.847,294.714
high_demand,hotspot,static_queue,30,226.536,223.106,640.031,0.779556,1.13288,3.42986,0.0290858,33.0823,0.500722,212.795,240.728,209.633,238.385
high_demand,hotspot,queue_aware,30,4.98336,0.841945,4.63827,0.0617223,1.4688,4.14142,0.114216,31.9822,0.366778,4.73692,5.26492,0.597821,1.1508
high_demand,hotspot,range_aware,30,14.3553,0.000614267,0,0.0005,5.23198,14.3547,0,31.9594,1,14.3455,14.3662,0,0.0016106
distance_priority,spread,nearest,30,35.4441,34.4304,173.049,0.418167,0.322056,1.01377,29.3024,33.0662,0.0506667,32.8707,38.0456,31.832,37.1575
distance_priority,spread,dijkstra,30,37.6712,36.3823,180.738,0.434333,0.42364,1.28893,30.1646,33.1238,0.0561667,35.5109,39.9397,34.2028,38.6676
distance_priority,spread,cost_optimized,30,4.01636,1.90102,8.94671,0.0693333,0.719489,2.11534,1.06389,31.9267,0.1305,3.75802,4.28685,1.62938,2.20667
distance_priority,spread,static_queue,30,2.52154,0.0353556,0,0.00383333,0.844471,2.48619,0.0249725,31.8742,0.141667,2.48823,2.5565,0.0157894,0.0576415
distance_priority,spread,queue_aware,30,2.52845,0.0254191,0,0.0025,0.851073,2.50303,0.0334799,31.8734,0.141,2.49435,2.56789,0.0119081,0.0413298
distance_priority,spread,range_aware,30,10.9923,0,0,0,3.92312,10.9923,0,31.8716,0.999333,10.9195,11.0638,0,0
distance_priority,corridor,nearest,30,72.5122,71.4685,349.056,0.543667,0.329687,1.04373,34.066,33.6646,0.119167,66.1006,78.9278,65.1091,78.1661
distance_priority,corridor,dijkstra,30,66.4871,65.281,307.399,0.546833,0.384944,1.20602,34.2127,33.6241,0.103,60.9064,72.2863,60.0107,71.0264
distance_priority,corridor,cost_optimized,30,4.53058,2.16913,10.7978,0.0718333,0.827963,2.36145,0.595749,31.9606,0.366833,4.02259,5.0835,1.67794,2.76467
distance_priority,corridor,static_queue,30,3.22176,0.69769,2.09841,0.0438333,0.887964,2.52407,0.0472905,31.9219,0.401333,3.00337,3.49529,0.497859,0.99093
distance_priority,corridor,queue_aware,30,2.72545,0.0993416,0,0.0095,0.916639,2.6261,0.0553305,31.9184,0.338167,2.66356,2.79654,0.0551316,0.15311
distance_priority,corridor,range_aware,30,12.5982,0,0,0,4.5416,12.5982,0,31.9158,0.9995,12.5248,12.6697,0,0
distance_priority,hotspot,nearest,30,616.071,614.979,2218.43,0.873833,0.361867,1.09224,40,36.2696,0.389,566.522,670.082,559.248,673.13
distance_priority,hotspot,dijkstra,30,664.651,663.214,2330.16,0.8885,0.490542,1.43678,40,36.3348,0.4075,614.325,719.049,607.691,716.303
distance_priority,hotspot,cost_optimized,30,8.13979,4.84443,30.9697,0.1965,1.06997,3.29535,0.53623,32.0181,0.477333,7.19074,9.13443,3.95358,5.79684
distance_priority,hotspot,static_queue,30,5.17531,1.75505,13.6729,0.122333,1.1313,3.42025,0.0298217,31.9702,0.503167,4.82467,5.52817,1.42488,2.12796
distance_priority,hotspot,queue_aware,30,3.9906,0.406384,0.8069,0.0341667,1.21722,3.58422,0.0991686,31.9642,0.4415,3.88105,4.11111,0.302936,0.522994
distance_priority,hotspot,range_aware,30,14.3547,0,0,0,5.23062,14.3547,0,31.9594,1,14.3374,14.3721,0,0
top3_choice,spread,nearest,30,34.801,33.4996,166.554,0.427167,0.428048,1.30144,30.8616,33.0896,0.0308333,32.8089,36.7817,31.506,35.5388
top3_choice,spread,dijkstra,30,32.8588,31.2875,160.329,0.413,0.525898,1.57134,30.5375,33.0312,0.0315,30.8381,34.8306,29.437,33.2418
top3_choice,spread,cost_optimized,30,5.97707,2.12453,10.8435,0.0686667,1.34625,3.85255,0.647476,31.9138,0.123,5.50518,6.52005,1.66124,2.61827
top3_choice,spread,static_queue,30,3.25771,0.149882,0,0.00833333,1.08379,3.10783,0.0519129,31.8767,0.091,3.18933,3.33794,0.088592,0.21978
top3_choice,spread,queue_aware,30,3.21679,0.0449857,0,0.00433333,1.10672,3.17181,0.0576756,31.8743,0.0871667,3.18321,3.25589,0.0296279,0.0618826
top3_choice,spread,range_aware,30,8.37179,0,0,0,3.02702,8.37179,0,31.8716,0.371333,8.28114,8.45772,0,0
top3_choice,corridor,nearest,30,47.0478,45.7228,209.463,0.493,0.441401,1.32501,33.8378,33.3622,0.0585,43.5439,50.8001,42.3863,49.5435
top3_choice,corridor,dijkstra,30,46.0958,44.5812,203.691,0.4905,0.508761,1.51459,33.5902,33.3244,0.052,43.62,48.8299,42.1028,47.0764
top3_choice,corridor,cost_optimized,30,6.89989,3.05189,20.4144,0.0866667,1.34725,3.848,0.665616,31.9718,0.229833,6.17268,7.75906,2.34315,3.88657
top3_choice,corridor,static_queue,30,3.74846,0.478408,0.594471,0.0256667,1.14499,3.27006,0.0719589,31.9258,0.175,3.55676,3.95539,0.296075,0.673708
top3_choice,corridor,queue_aware,30,3.57066,0.157732,0,0.00933333,1.19677,3.41292,0.0702528,31.9218,0.176833,3.51817,3.62661,0.10794,0.211315
top3_choice,corridor,range_aware,30,8.48457,0,0,0,3.08276,8.48457,0,31.9158,0.367,8.38739,8.57581,0,0
top3_choice,hotspot,nearest,30,208.382,206.734,801.572,0.773667,0.563021,1.648,38.6654,34.9776,0.183167,188.812,229.669,186.89,228.255
top3_choice,hotspot,dijkstra,30,245.424,243.507,981.569,0.790167,0.648296,1.9168,38.8364,35.0505,0.218833,224.563,265.666,222.774,262.794
top3_choice,hotspot,cost_optimized,30,8.61411,4.6008,32.0596,0.154167,1.33479,4.01331,0.568414,32.0082,0.296,7.80087,9.46986,3.84286,5.47114
top3_choice,hotspot,static_queue,30,5.7175,1.7724,11.8237,0.085,1.32383,3.9451,0.0664368,31.9763,0.289333,5.28853,6.21172,1.36916,2.24264
top3_choice,hotspot,queue_aware,30,4.35025,0.210214,0.123499,0.0158333,1.43044,4.14003,0.0902904,31.964,0.262167,4.26753,4.45539,0.129827,0.311483
top3_choice,hotspot,range_aware,30,9.09407,0,0,0,3.34444,9.09407,0,31.9594,0.362,9.01637,9.16477,0,0
load_0.5x,spread,nearest,30,13.9173,12.8979,83.901,0.23,0.322264,1.01936,9.7918,11.506,0.0506667,12.7801,15.0571,11.8618,14.0775
load_0.5x,spread,dijkstra,30,14.6413,13.3422,82.6754,0.241167,0.425132,1.29915,10.103,11.5471,0.0555,13.776,15.6231,12.447,14.2689
load_0.5x,spread,cost_optimized,30,3.34505,0.249543,0,0.0128333,1.06307,3.09551,0.065507,10.9162,0.1495,3.24898,3.46243,0.147595,0.373484
load_0.5x,spread,static_queue,30,2.53275,0.0832486,0,0.00566667,0.832347,2.4495,0.00762253,10.911,0.123833,2.48519,2.58838,0.038741,0.136623
load_0.5x,spread,queue_aware,30,2.48603,0.00417323,0,0.0005,0.843008,2.48185,0.00791117,10.9097,0.131,2.45743,2.5161,0,0.0119548
load_0.5x,spread,range_aware,30,11.0318,0,0,0,3.93702,11.0318,0,10.9083,0.999833,10.9329,11.1375,0,0
load_0.5x,corridor,nearest,30,31.5958,30.5842,181.804,0.338833,0.32144,1.01166,11.3712,11.9447,0.115167,26.7174,37.4158,25.4935,36.3483
load_0.5x,corridor,dijkstra,30,28.5636,27.3821,156.718,0.3485,0.379805,1.18153,11.4306,11.9422,0.0995,24.8357,32.8133,23.5735,31.398
load_0.5x,corridor,cost_optimized,30,6.39896,3.36554,20.7372,0.0968333,1.05856,3.03342,0.113594,11.109,0.430667,5.62028,7.26796,2.57795,4.19508
load_0.5x,corridor,static_queue,30,2.7618,0.294192,0.14006,0.0245,0.871817,2.46761,0.0104097,11.0746,0.330333,2.67613,2.85206,0.208533,0.387852
load_0.5x,corridor,queue_aware,30,2.63344,0.0435827,0,0.00433333,0.908545,2.58985,0.0105814,11.0703,0.334167,2.58874,2.6756,0.0188926,0.0725268
load_0.5x,corridor,range_aware,30,12.5601,0,0,0,4.53152,12.5601,0,11.0694,0.999667,12.5083,12.6063,0,0
load_0.5x,hotspot,nearest,30,454.454,453.373,1753.9,0.758,0.357768,1.08114,13.3333,13.7291,0.384167,413.37,497.121,410.467,496.487
load_0.5x,hotspot,dijkstra,30,520.446,519.022,1929.01,0.7775,0.485538,1.42425,13.3333,13.7715,0.412,472.372,571.056,467.727,571.68
load_0.5x,hotspot,cost_optimized,30,5.62607,2.23568,16.2588,0.120333,1.08334,3.3904,0.0656901,10.8482,0.475167,5.18789,6.04848,1.81867,2.67031
load_0.5x,hotspot,static_queue,30,4.68446,1.27006,7.49197,0.086,1.12088,3.4144,0.00532777,10.8384,0.474667,4.38102,5.03836,0.965283,1.59807
load_0.5x,hotspot,queue_aware,30,3.72675,0.137375,0.453385,0.0133333,1.21545,3.58937,0.0151087,10.8324,0.448667,3.64662,3.83629,0.0611276,0.23564
load_0.5x,hotspot,range_aware,30,14.3563,0,0,0,5.22981,14.3563,0,10.8299,1,14.3351,14.3783,0,0
load_1.5x,spread,nearest,30,85.9377,84.8977,344.874,0.5845,0.331887,1.04,88.5145,78.3833,0.0538333,81.3145,90.6012,80.1007,89.5371
load_1.5x,spread,dijkstra,30,89.732,88.4236,358.971,0.6115,0.430653,1.30836,90.6648,78.5525,0.0616667,84.025,95.9922,82.4287,94.5289
load_1.5x,spread,cost_optimized,30,4.58344,1.46467,4.54855,0.0558333,1.07373,3.11877,0.693875,76.0174,0.152667,4.25561,4.95684,1.13871,1.85358
load_1.5x,spread,static_queue,30,2.66219,0.118036,0,0.0111667,0.866174,2.54415,0.0911617,75.992,0.149,2.6148,2.71397,0.079177,0.161287
load_1.5x,spread,queue_aware,30,2.64853,0.0883463,0,0.00833333,0.872508,2.56018,0.117937,75.9913,0.148,2.6007,2.69887,0.0584598,0.127126
load_1.5x,spread,range_aware,30,11.0338,0,0,0,3.94138,11.0338,0,75.9854,0.999333,10.9386,11.135,0,0
load_1.5x,corridor,nearest,30,137.637,136.623,547.149,0.695167,0.321036,1.01359,102.049,78.4327,0.113333,125.469,151.336,123.998,150.276
load_1.5x,corridor,dijkstra,30,132.44,131.254,508.372,0.7085,0.380371,1.18663,102.605,78.4333,0.0983333,120.02,145.485,118.759,145.124
load_1.5x,corridor,cost_optimized,30,16.8237,13.7836,100.78,0.190667,1.05941,3.04003,1.24506,75.5507,0.435833,12.0399,22.7149,8.87918,20.1023
load_1.5x,corridor,static_queue,30,3.77311,1.25228,6.85355,0.0686667,0.886019,2.52083,0.1446,75.435,0.419333,3.33346,4.26317,0.832506,1.73238
load_1.5x,corridor,queue_aware,30,2.87647,0.25831,0.0103981,0.0193333,0.913264,2.61816,0.190267,75.4278,0.343833,2.78635,2.97582,0.170492,0.35968
load_1.5x,corridor,range_aware,30,12.5886,0,0,0,4.53793,12.5886,0,75.4195,0.999667,12.5355,12.6451,0,0
load_1.5x,hotspot,nearest,30,688.649,687.561,2267.34,0.939667,0.361618,1.0874,120,81.1192,0.376,638.56,740.284,635.073,735.87
load_1.5x,hotspot,dijkstra,30,778.222,776.788,2549.35,0.943333,0.490285,1.43321,120,81.2643,0.41,729.241,828.008,726.524,829.498
load_1.5x,hotspot,cost_optimized,30,9.58083,6.18601,41.7837,0.217333,1.08975,3.39483,0.675783,75.7477,0.474667,8.40241,11.0231,5.01316,7.53662
load_1.5x,hotspot,static_queue,30,6.31192,2.88803,19.2438,0.142667,1.1307,3.42389,0.103897,75.7136,0.498833,5.51383,7.37862,2.07087,3.94562
load_1.5x,hotspot,queue_aware,30,4.36004,0.778296,4.02102,0.0436667,1.21579,3.58174,0.323636,75.7061,0.440167,4.04953,4.72244,0.46509,1.16605
load_1.5x,hotspot,range_aware,30,14.3647,0,0,0,5.23633,14.3647,0,75.6943,1,14.3457,14.3835,0,0
load_2x,spread,nearest,30,170.882,169.866,595.856,0.721333,0.3268,1.01612,177.108,167.009,0.0506667,162.373,179.572,161.662,178.67
load_2x,spread,dijkstra,30,181.684,180.399,622.71,0.748,0.425412,1.28445,183.25,167.138,0.0545,174.535,188.563,173.363,187.547
load_2x,spread,cost_optimized,30,6.15018,3.06549,18.4117,0.0886667,1.06348,3.08469,1.54842,163.108,0.147667,5.49436,6.83825,2.37773,3.84564
load_2x,spread,static_queue,30,3.00117,0.483192,0.0046819,0.0256667,0.854535,2.51797,0.228652,163.07,0.139167,2.87472,3.16572,0.358772,0.645966
load_2x,spread,queue_aware,30,2.90706,0.371989,0,0.0205,0.861658,2.53508,0.284657,163.068,0.143667,2.82304,2.99883,0.289072,0.457178
load_2x,spread,range_aware,30,11.0693,0,0,0,3.95578,11.0693,0,163.06,0.999667,10.982,11.1669,0,0
load_2x,corridor,nearest,30,238.551,237.547,764.948,0.8175,0.315866,1.00403,206.026,166.51,0.1045,223.592,255.488,222.364,255.187
load_2x,corridor,dijkstra,30,236.18,235.001,744.811,0.822167,0.375866,1.17907,205.829,166.586,0.0913333,220.631,255.022,219.29,252.06
load_2x,corridor,cost_optimized,30,16.7773,13.7502,112.728,0.209667,1.04948,3.0271,2.42652,161.983,0.435833,13.2914,21.4807,10.1607,18.4887
load_2x,corridor,static_queue,30,4.07767,1.56253,9.05597,0.0888333,0.882912,2.51515,0.331176,161.863,0.419667,3.7191,4.4903,1.17861,2.01285
load_2x,corridor,queue_aware,30,3.26523,0.646015,0.97821,0.0376667,0.912978,2.61922,0.439652,161.857,0.349333,3.09854,3.48948,0.472895,0.864024
load_2x,corridor,range_aware,30,12.6405,0,0,0,4.55702,12.6405,0,161.845,0.9995,12.5872,12.6935,0,0
load_2x,hotspot,nearest,30,929.579,928.501,2734.47,0.974667,0.360368,1.07876,240,169.896,0.379167,869.53,988.082,871.003,987.852
load_2x,hotspot,dijkstra,30,991.094,989.671,2955.52,0.976833,0.488322,1.42333,240,169.941,0.403667,939.036,1041.98,938.898,1042.62
load_2x,hotspot,cost_optimized,30,13.8767,10.4636,63.6261,0.304,1.09379,3.4131,1.36558,163.052,0.461833,12.1181,15.7975,8.81828,12.3091
load_2x,hotspot,static_queue,30,8.88759,5.45909,36.8982,0.221333,1.13123,3.42851,0.254232,162.999,0.488833,7.97829,9.90123,4.53071,6.50415
load_2x,hotspot,queue_aware,30,4.99155,1.40374,8.31159,0.0856667,1.21896,3.58781,0.775773,162.98,0.437333,4.66061,5.37235,1.06218,1.79934
load_2x,hotspot,range_aware,30,14.3781,0,0,0,5.24341,14.3781,0,162.959,1,14.3596,14.396,0,0
